date,total,US-CH-EN,US-PH-EN,CA-CH-EN,CA-PH-EN,US-EM-EN,US-PH-SP,CA-PH-FR,CA-EM-EN,CA-CH-FR,CA-EM-FR
2025-08-19,2500.0,0.0,1888.0,0.0,487.0,0.0,78.0,47.0,0.0,0.0,0.0
2025-08-20,2211.0,0.0,1678.0,0.0,409.0,0.0,84.0,40.0,0.0,0.0,0.0
2025-08-21,2123.0,0.0,1598.0,0.0,386.0,0.0,96.0,43.0,0.0,0.0,0.0
2025-08-22,2153.0,0.0,1583.0,0.0,419.0,0.0,108.0,43.0,0.0,0.0,0.0
2025-08-23,1806.0,0.0,1384.0,0.0,350.0,0.0,59.0,13.0,0.0,0.0,0.0
2025-08-24,1374.0,0.0,1103.0,0.0,221.0,0.0,36.0,14.0,0.0,0.0,0.0
2025-08-25,2335.0,0.0,1705.0,0.0,524.0,0.0,70.0,36.0,0.0,0.0,0.0
2025-08-26,2000.0,0.0,1428.0,0.0,462.0,0.0,65.0,45.0,0.0,0.0,0.0
2025-08-27,2139.0,0.0,1575.0,0.0,440.0,0.0,68.0,56.0,0.0,0.0,0.0
2025-08-28,2144.0,0.0,1575.0,0.0,452.0,0.0,86.0,31.0,0.0,0.0,0.0
2025-08-29,2224.0,0.0,1644.0,0.0,491.0,0.0,68.0,21.0,0.0,0.0,0.0
2025-08-30,1930.0,0.0,1461.0,0.0,371.0,0.0,78.0,20.0,0.0,0.0,0.0
2025-08-31,1467.0,0.0,1124.0,0.0,275.0,0.0,46.0,22.0,0.0,0.0,0.0
2025-09-01,1766.0,0.0,1379.0,0.0,272.0,0.0,98.0,17.0,0.0,0.0,0.0
2025-09-02,2313.0,0.0,1727.0,0.0,452.0,0.0,93.0,41.0,0.0,0.0,0.0
2025-09-03,2364.0,0.0,1698.0,0.0,519.0,0.0,104.0,43.0,0.0,0.0,0.0
2025-09-04,3730.0,0.0,2707.0,0.0,840.0,0.0,126.0,57.0,0.0,0.0,0.0
2025-09-05,3358.0,0.0,2444.0,0.0,750.0,0.0,114.0,50.0,0.0,0.0,0.0
2025-09-06,2572.0,0.0,1955.0,0.0,514.0,0.0,82.0,21.0,0.0,0.0,0.0
2025-09-07,2342.0,0.0,1780.0,0.0,470.0,0.0,69.0,23.0,0.0,0.0,0.0
2025-09-08,2906.0,0.0,2122.0,0.0,640.0,0.0,100.0,44.0,0.0,0.0,0.0
2025-09-09,2730.0,0.0,2000.0,0.0,586.0,0.0,93.0,51.0,0.0,0.0,0.0
2025-09-10,2674.0,0.0,2050.0,0.0,486.0,0.0,87.0,51.0,0.0,0.0,0.0
2025-09-11,2827.0,0.0,2091.0,0.0,593.0,0.0,98.0,45.0,0.0,0.0,0.0
2025-09-12,2604.0,0.0,1939.0,0.0,506.0,0.0,111.0,48.0,0.0,0.0,0.0
2025-09-13,2255.0,0.0,1756.0,0.0,391.0,0.0,82.0,26.0,0.0,0.0,0.0
2025-09-14,1755.0,0.0,1371.0,0.0,319.0,0.0,49.0,16.0,0.0,0.0,0.0
2025-09-15,2757.0,0.0,2067.0,0.0,522.0,0.0,114.0,54.0,0.0,0.0,0.0
2025-09-16,2363.0,0.0,1743.0,0.0,486.0,0.0,97.0,37.0,0.0,0.0,0.0
2025-09-17,2203.0,0.0,1690.0,0.0,387.0,0.0,99.0,27.0,0.0,0.0,0.0
2025-09-18,2202.0,0.0,1696.0,0.0,380.0,0.0,91.0,35.0,0.0,0.0,0.0
2025-09-19,2338.0,0.0,1830.0,0.0,365.0,0.0,106.0,37.0,0.0,0.0,0.0
2025-09-20,1700.0,0.0,1358.0,0.0,264.0,0.0,52.0,26.0,0.0,0.0,0.0
2025-09-21,1359.0,0.0,1048.0,0.0,230.0,0.0,59.0,22.0,0.0,0.0,0.0
2025-09-22,2161.0,0.0,1646.0,0.0,405.0,0.0,77.0,33.0,0.0,0.0,0.0
2025-09-23,2239.0,0.0,1692.0,0.0,410.0,0.0,89.0,48.0,0.0,0.0,0.0
2025-09-24,2002.0,0.0,1575.0,0.0,338.0,0.0,65.0,24.0,0.0,0.0,0.0
2025-09-25,2183.0,0.0,1657.0,0.0,404.0,0.0,90.0,32.0,0.0,0.0,0.0
2025-09-26,2103.0,0.0,1638.0,0.0,350.0,0.0,83.0,32.0,0.0,0.0,0.0
2025-09-27,1486.0,0.0,1157.0,0.0,250.0,0.0,53.0,26.0,0.0,0.0,0.0
2025-09-28,1331.0,0.0,1058.0,0.0,210.0,0.0,40.0,23.0,0.0,0.0,0.0
2025-09-29,2191.0,0.0,1648.0,0.0,416.0,0.0,91.0,36.0,0.0,0.0,0.0
2025-09-30,2138.0,0.0,1609.0,0.0,391.0,0.0,92.0,46.0,0.0,0.0,0.0
2025-10-01,6507.0,3376.0,1856.0,741.0,399.0,0.0,101.0,34.0,0.0,0.0,0.0
2025-10-02,6151.0,2671.0,1867.0,963.0,490.0,0.0,93.0,66.0,0.0,1.0,0.0
2025-10-03,5941.0,2800.0,1582.0,1003.0,405.0,0.0,91.0,59.0,0.0,1.0,0.0
2025-10-04,4562.0,2007.0,1307.0,755.0,385.0,0.0,69.0,39.0,0.0,0.0,0.0
2025-10-05,3732.0,1858.0,966.0,608.0,218.0,0.0,55.0,27.0,0.0,0.0,0.0
2025-10-06,5742.0,2254.0,1740.0,985.0,617.0,0.0,90.0,56.0,0.0,0.0,0.0
2025-10-07,6523.0,2942.0,1589.0,1338.0,488.0,0.0,101.0,65.0,0.0,0.0,0.0
2025-10-08,6320.0,2976.0,1475.0,1296.0,428.0,0.0,90.0,55.0,0.0,0.0,0.0
2025-10-09,6054.0,2854.0,1560.0,1100.0,398.0,0.0,100.0,42.0,0.0,0.0,0.0
2025-10-10,5685.0,2717.0,1430.0,1012.0,411.0,0.0,76.0,39.0,0.0,0.0,0.0
2025-10-11,4233.0,2078.0,1124.0,676.0,254.0,0.0,85.0,16.0,0.0,0.0,0.0
2025-10-12,3988.0,2225.0,940.0,588.0,166.0,0.0,47.0,22.0,0.0,0.0,0.0
2025-10-13,4954.0,2659.0,1446.0,550.0,190.0,0.0,85.0,24.0,0.0,0.0,0.0
2025-10-14,5658.0,2760.0,1415.0,966.0,383.0,0.0,90.0,44.0,0.0,0.0,0.0
2025-10-15,5904.0,2960.0,1510.0,925.0,387.0,0.0,94.0,28.0,0.0,0.0,0.0
2025-10-16,6221.0,2964.0,1531.0,1140.0,454.0,0.0,88.0,44.0,0.0,0.0,0.0
2025-10-17,5693.0,2680.0,1446.0,1072.0,392.0,0.0,62.0,41.0,0.0,0.0,0.0
2025-10-18,4293.0,2216.0,1058.0,706.0,245.0,0.0,51.0,17.0,0.0,0.0,0.0
2025-10-19,4270.0,2337.0,990.0,677.0,212.0,0.0,39.0,15.0,0.0,0.0,0.0
2025-10-20,6193.0,3109.0,1544.0,1037.0,393.0,0.0,62.0,48.0,0.0,0.0,0.0
2025-10-21,6084.0,2899.0,1622.0,1014.0,411.0,0.0,92.0,46.0,0.0,0.0,0.0
2025-10-22,5608.0,2829.0,1469.0,855.0,347.0,0.0,61.0,47.0,0.0,0.0,0.0
2025-10-23,5768.0,2854.0,1496.0,871.0,409.0,0.0,84.0,54.0,0.0,0.0,0.0
2025-10-24,5329.0,2688.0,1302.0,908.0,331.0,0.0,76.0,24.0,0.0,0.0,0.0
2025-10-25,4249.0,2154.0,1077.0,701.0,253.0,0.0,47.0,17.0,0.0,0.0,0.0
2025-10-26,3808.0,2143.0,851.0,589.0,189.0,0.0,24.0,12.0,0.0,0.0,0.0
2025-10-27,5275.0,2518.0,1393.0,877.0,389.0,0.0,65.0,33.0,0.0,0.0,0.0
2025-10-28,6005.0,2778.0,1636.0,1007.0,428.0,0.0,109.0,47.0,0.0,0.0,0.0
2025-10-29,5657.0,2696.0,1533.0,923.0,398.0,0.0,76.0,31.0,0.0,0.0,0.0
2025-10-30,6251.0,3023.0,1641.0,1025.0,437.0,0.0,83.0,42.0,0.0,0.0,0.0
2025-10-31,11663.0,4697.0,3062.0,2387.0,1262.0,0.0,132.0,123.0,0.0,0.0,0.0
2025-11-01,8027.0,3472.0,2143.0,1579.0,670.0,0.0,104.0,59.0,0.0,0.0,0.0
2025-11-02,8217.0,3710.0,1896.0,1819.0,665.0,0.0,86.0,41.0,0.0,0.0,0.0
2025-11-03,11262.0,4767.0,2787.0,2453.0,1062.0,0.0,100.0,93.0,0.0,0.0,0.0
2025-11-04,17481.0,7314.0,4435.0,3825.0,1609.0,0.0,171.0,127.0,0.0,0.0,0.0
2025-11-05,14107.0,6139.0,3669.0,2779.0,1239.0,0.0,153.0,128.0,0.0,0.0,0.0
2025-11-06,14454.0,6315.0,3620.0,2981.0,1273.0,0.0,160.0,105.0,0.0,0.0,0.0
2025-11-07,13760.0,5951.0,3527.0,2833.0,1171.0,0.0,167.0,111.0,0.0,0.0,0.0
2025-11-08,10797.0,4834.0,2949.0,2008.0,853.0,0.0,92.0,61.0,0.0,0.0,0.0
2025-11-09,10623.0,4682.0,2984.0,1925.0,865.0,0.0,91.0,76.0,0.0,0.0,0.0
2025-11-10,17365.0,7184.0,5067.0,3153.0,1608.0,0.0,220.0,133.0,0.0,0.0,0.0
2025-11-11,13487.0,6283.0,3326.0,2515.0,1129.0,0.0,159.0,75.0,0.0,0.0,0.0
2025-11-12,11957.0,5575.0,2928.0,2260.0,950.0,0.0,157.0,87.0,0.0,0.0,0.0
2025-11-13,11545.0,5471.0,2837.0,2144.0,869.0,0.0,151.0,73.0,0.0,0.0,0.0
2025-11-14,11914.0,5735.0,2934.0,2112.0,916.0,0.0,140.0,77.0,0.0,0.0,0.0
2025-11-15,8986.0,4385.0,2234.0,1608.0,611.0,0.0,95.0,53.0,0.0,0.0,0.0
2025-11-16,7759.0,4261.0,1863.0,1108.0,427.0,0.0,65.0,35.0,0.0,0.0,0.0
2025-11-17,10268.0,4805.0,2844.0,1654.0,751.0,0.0,140.0,74.0,0.0,0.0,0.0
2025-11-18,9879.0,4823.0,2634.0,1536.0,705.0,0.0,130.0,51.0,0.0,0.0,0.0
2025-11-19,9748.0,4818.0,2774.0,1364.0,568.0,0.0,151.0,73.0,0.0,0.0,0.0
2025-11-20,9084.0,4534.0,2511.0,1299.0,559.0,0.0,123.0,58.0,0.0,0.0,0.0
2025-11-21,7996.0,3955.0,2265.0,1099.0,491.0,0.0,125.0,61.0,0.0,0.0,0.0
2025-11-22,6997.0,3509.0,1867.0,1097.0,403.0,0.0,80.0,41.0,0.0,0.0,0.0
2025-11-23,5758.0,2973.0,1349.0,993.0,352.0,0.0,60.0,31.0,0.0,0.0,0.0
2025-11-24,9884.0,4417.0,2396.0,2097.0,804.0,0.0,96.0,74.0,0.0,0.0,0.0
2025-11-25,10437.0,4624.0,2492.0,2292.0,819.0,0.0,119.0,91.0,0.0,0.0,0.0
2025-11-26,9295.0,4100.0,2107.0,2130.0,749.0,0.0,105.0,104.0,0.0,0.0,0.0
2025-11-27,6026.0,2246.0,610.0,2149.0,881.0,0.0,43.0,97.0,0.0,0.0,0.0
2025-11-28,12315.0,5767.0,2867.0,2497.0,930.0,0.0,129.0,125.0,0.0,0.0,0.0
2025-11-29,9101.0,4193.0,2415.0,1657.0,674.0,0.0,100.0,62.0,0.0,0.0,0.0
2025-11-30,8189.0,3906.0,1872.0,1698.0,581.0,0.0,83.0,49.0,0.0,0.0,0.0
2025-12-01,12498.0,5360.0,3409.0,2403.0,1039.0,0.0,162.0,125.0,0.0,0.0,0.0
2025-12-02,10993.0,4913.0,2892.0,2042.0,894.0,0.0,142.0,110.0,0.0,0.0,0.0
2025-12-03,10824.0,4993.0,2823.0,1925.0,866.0,0.0,114.0,103.0,0.0,0.0,0.0
2025-12-04,11249.0,5340.0,3022.0,1869.0,784.0,0.0,132.0,102.0,0.0,0.0,0.0
2025-12-05,12681.0,4349.0,4515.0,2468.0,1069.0,0.0,172.0,108.0,0.0,0.0,0.0
2025-12-06,10826.0,5105.0,3150.0,1766.0,610.0,0.0,144.0,51.0,0.0,0.0,0.0
2025-12-07,8921.0,4891.0,2406.0,1016.0,457.0,0.0,106.0,45.0,0.0,0.0,0.0
2025-12-08,11235.0,4442.0,3890.0,1949.0,723.0,0.0,155.0,76.0,0.0,0.0,0.0
2025-12-09,11971.0,5078.0,3972.0,1990.0,662.0,0.0,182.0,87.0,0.0,0.0,0.0
2025-12-10,12701.0,5899.0,4086.0,1817.0,644.0,0.0,163.0,92.0,0.0,0.0,0.0
2025-12-11,13991.0,7078.0,3921.0,2064.0,653.0,0.0,184.0,91.0,0.0,0.0,0.0
2025-12-12,13436.0,6926.0,3778.0,1872.0,613.0,0.0,161.0,86.0,0.0,0.0,0.0
2025-12-13,11134.0,5882.0,3160.0,1523.0,405.0,0.0,116.0,48.0,0.0,0.0,0.0
2025-12-14,10651.0,5437.0,3499.0,1208.0,369.0,0.0,97.0,41.0,0.0,0.0,0.0
2025-12-15,12972.0,6034.0,3962.0,1967.0,747.0,0.0,159.0,103.0,0.0,0.0,0.0
2025-12-16,13020.0,6768.0,3393.0,1881.0,715.0,0.0,167.0,96.0,0.0,0.0,0.0
2025-12-17,12228.0,6133.0,3556.0,1708.0,619.0,0.0,135.0,77.0,0.0,0.0,0.0
2025-12-18,11938.0,6152.0,3384.0,1529.0,613.0,0.0,162.0,98.0,0.0,0.0,0.0
2025-12-19,11843.0,6043.0,3341.0,1581.0,637.0,0.0,149.0,92.0,0.0,0.0,0.0
2025-12-20,9685.0,4997.0,2797.0,1265.0,471.0,0.0,102.0,53.0,0.0,0.0,0.0
2025-12-21,8768.0,4892.0,2237.0,1147.0,381.0,0.0,75.0,36.0,0.0,0.0,0.0
2025-12-22,12064.0,5968.0,3620.0,1582.0,647.0,0.0,150.0,97.0,0.0,0.0,0.0
2025-12-23,12380.0,6107.0,3754.0,1636.0,662.0,0.0,156.0,65.0,0.0,0.0,0.0
2025-12-24,9212.0,4425.0,2916.0,1239.0,460.0,0.0,120.0,52.0,0.0,0.0,0.0
2025-12-25,,,,,,,,,,,
2025-12-26,11453.0,4989.0,3720.0,1846.0,678.0,0.0,147.0,73.0,0.0,0.0,0.0
2025-12-27,9678.0,5091.0,2318.0,1642.0,477.0,0.0,92.0,58.0,0.0,0.0,0.0
2025-12-28,8594.0,4528.0,1884.0,1660.0,423.0,0.0,59.0,40.0,0.0,0.0,0.0
2025-12-29,11105.0,5424.0,2780.0,2041.0,679.0,0.0,98.0,83.0,0.0,0.0,0.0
2025-12-30,11284.0,5815.0,2761.0,1930.0,605.0,0.0,114.0,59.0,0.0,0.0,0.0
2025-12-31,8334.0,4003.0,2149.0,1528.0,521.0,0.0,70.0,63.0,0.0,0.0,0.0
2026-01-01,6873.0,3638.0,1448.0,1443.0,278.0,0.0,44.0,22.0,0.0,0.0,0.0
2026-01-02,10496.0,4956.0,2545.0,2143.0,678.0,0.0,105.0,69.0,0.0,0.0,0.0
2026-01-03,8261.0,4205.0,1941.0,1598.0,418.0,0.0,65.0,34.0,0.0,0.0,0.0
2026-01-04,6028.0,3119.0,1507.0,1020.0,315.0,0.0,42.0,25.0,0.0,0.0,0.0
2026-01-05,8737.0,3959.0,2094.0,1870.0,612.0,0.0,101.0,101.0,0.0,0.0,0.0
2026-01-06,8281.0,3816.0,2100.0,1669.0,534.0,0.0,83.0,79.0,0.0,0.0,0.0
2026-01-07,8800.0,4359.0,2103.0,1630.0,524.0,0.0,113.0,71.0,0.0,0.0,0.0
2026-01-08,8020.0,3600.0,2096.0,1600.0,554.0,0.0,101.0,69.0,0.0,0.0,0.0
2026-01-09,7786.0,3795.0,1779.0,1603.0,457.0,0.0,83.0,69.0,0.0,0.0,0.0
2026-01-10,5719.0,2818.0,1435.0,1042.0,311.0,0.0,79.0,34.0,0.0,0.0,0.0
2026-01-11,5248.0,2719.0,1213.0,970.0,259.0,0.0,55.0,32.0,0.0,0.0,0.0
2026-01-12,6913.0,3244.0,1585.0,1497.0,430.0,0.0,90.0,67.0,0.0,0.0,0.0
2026-01-13,7462.0,3257.0,1635.0,1397.0,406.0,602.0,81.0,68.0,13.0,0.0,3.0
2026-01-14,7312.0,3295.0,1620.0,1317.0,403.0,535.0,68.0,49.0,21.0,0.0,4.0
2026-01-15,7153.0,3251.0,1649.0,1235.0,360.0,493.0,94.0,54.0,15.0,0.0,2.0
2026-01-16,6133.0,2690.0,1415.0,1089.0,363.0,428.0,91.0,46.0,11.0,0.0,0.0
2026-01-17,5392.0,2478.0,1205.0,967.0,289.0,364.0,50.0,27.0,12.0,0.0,0.0
2026-01-18,4494.0,2024.0,1045.0,758.0,197.0,391.0,42.0,21.0,14.0,0.0,2.0
2026-01-19,6047.0,2594.0,1353.0,1191.0,353.0,431.0,69.0,40.0,14.0,0.0,2.0
2026-01-20,6204.0,2538.0,1464.0,1212.0,338.0,503.0,68.0,64.0,13.0,0.0,4.0
2026-01-21,6363.0,2758.0,1423.0,1214.0,361.0,443.0,79.0,63.0,22.0,0.0,0.0
2026-01-22,6004.0,2588.0,1477.0,1110.0,322.0,377.0,73.0,43.0,11.0,0.0,3.0
2026-01-23,6502.0,2847.0,1486.0,1120.0,367.0,543.0,75.0,49.0,15.0,0.0,0.0
2026-01-24,5242.0,2507.0,1184.0,881.0,257.0,319.0,59.0,31.0,4.0,0.0,0.0
2026-01-25,4467.0,2201.0,825.0,843.0,199.0,318.0,40.0,27.0,12.0,0.0,2.0
2026-01-26,5614.0,2538.0,1278.0,951.0,332.0,400.0,64.0,37.0,12.0,0.0,2.0
2026-01-27,6298.0,2615.0,1371.0,1289.0,390.0,500.0,68.0,54.0,9.0,0.0,2.0
2026-01-28,6468.0,2675.0,1511.0,1179.0,388.0,559.0,88.0,48.0,18.0,0.0,2.0
2026-01-29,6778.0,3193.0,1658.0,1228.0,365.0,185.0,91.0,54.0,2.0,1.0,1.0
2026-01-30,7118.0,3098.0,1700.0,1276.0,456.0,458.0,74.0,44.0,8.0,3.0,1.0
2026-01-31,5720.0,2614.0,1505.0,889.0,327.0,293.0,60.0,27.0,5.0,0.0,0.0
2026-02-01,5069.0,2280.0,1233.0,758.0,191.0,510.0,52.0,25.0,14.0,0.0,6.0
2026-02-02,6461.0,2604.0,1625.0,1085.0,379.0,598.0,109.0,43.0,17.0,0.0,1.0
2026-02-03,6875.0,2991.0,1634.0,1238.0,434.0,435.0,78.0,50.0,14.0,0.0,1.0
2026-02-04,7048.0,3091.0,1712.0,1139.0,419.0,526.0,94.0,49.0,18.0,0.0,0.0
2026-02-05,7172.0,3062.0,1904.0,1211.0,418.0,426.0,95.0,48.0,5.0,0.0,3.0
2026-02-06,6930.0,2977.0,1772.0,1026.0,393.0,594.0,92.0,58.0,16.0,0.0,2.0
2026-02-07,5369.0,2260.0,1477.0,875.0,331.0,296.0,75.0,44.0,7.0,0.0,4.0
2026-02-08,4266.0,1883.0,1026.0,654.0,208.0,408.0,46.0,27.0,13.0,0.0,1.0
2026-02-09,6367.0,2702.0,1647.0,1042.0,385.0,437.0,70.0,61.0,17.0,0.0,6.0
2026-02-10,6653.0,2864.0,1685.0,1098.0,407.0,439.0,98.0,54.0,8.0,0.0,0.0
2026-02-11,6698.0,2999.0,1758.0,961.0,316.0,495.0,114.0,48.0,5.0,0.0,2.0
2026-02-12,6869.0,3134.0,1714.0,1056.0,374.0,423.0,91.0,61.0,16.0,0.0,0.0
2026-02-13,6290.0,2718.0,1777.0,853.0,392.0,427.0,68.0,47.0,8.0,0.0,0.0
2026-02-14,4680.0,1649.0,1598.0,674.0,347.0,287.0,76.0,40.0,9.0,0.0,0.0
2026-02-15,4201.0,1690.0,1251.0,653.0,220.0,298.0,52.0,28.0,8.0,0.0,1.0
2026-02-16,6018.0,2458.0,1800.0,856.0,254.0,498.0,85.0,49.0,17.0,0.0,1.0
2026-02-17,6888.0,2885.0,1674.0,1210.0,464.0,505.0,78.0,55.0,16.0,0.0,1.0
2026-02-18,6863.0,3023.0,1669.0,1168.0,367.0,485.0,82.0,55.0,13.0,0.0,1.0
2026-02-19,6806.0,2833.0,1762.0,1224.0,413.0,423.0,93.0,48.0,9.0,0.0,1.0
2026-02-20,7202.0,3028.0,1746.0,1361.0,438.0,442.0,101.0,70.0,11.0,0.0,5.0
2026-02-21,5009.0,2151.0,1452.0,750.0,261.0,295.0,75.0,18.0,7.0,0.0,0.0
2026-02-22,4568.0,2185.0,1165.0,631.0,194.0,321.0,45.0,22.0,4.0,0.0,1.0
2026-02-23,6432.0,2896.0,1624.0,996.0,352.0,395.0,82.0,68.0,17.0,0.0,2.0
2026-02-24,6271.0,2775.0,1509.0,1006.0,391.0,443.0,89.0,50.0,8.0,0.0,0.0
2026-02-25,6291.0,2863.0,1573.0,925.0,348.0,434.0,87.0,49.0,8.0,0.0,4.0
2026-02-26,6404.0,2863.0,1702.0,917.0,356.0,456.0,64.0,38.0,4.0,0.0,4.0
2026-02-27,5955.0,2570.0,1585.0,876.0,387.0,405.0,69.0,56.0,6.0,0.0,1.0
2026-02-28,4777.0,2216.0,1332.0,634.0,237.0,279.0,50.0,19.0,10.0,0.0,0.0
2026-03-01,4356.0,2135.0,1083.0,528.0,198.0,308.0,66.0,24.0,9.0,0.0,5.0
2026-03-02,5855.0,2395.0,1585.0,975.0,341.0,394.0,98.0,58.0,8.0,0.0,1.0
2026-03-03,6084.0,2686.0,1492.0,978.0,325.0,452.0,83.0,56.0,12.0,0.0,0.0
2026-03-04,6272.0,2956.0,1546.0,872.0,300.0,459.0,85.0,42.0,12.0,0.0,0.0
2026-03-05,6259.0,2844.0,1575.0,893.0,322.0,481.0,79.0,49.0,10.0,0.0,6.0
2026-03-06,5481.0,2393.0,1498.0,719.0,337.0,373.0,94.0,56.0,9.0,0.0,2.0
2026-03-07,4623.0,2238.0,1218.0,553.0,206.0,321.0,51.0,32.0,3.0,0.0,1.0
2026-03-08,4184.0,2137.0,997.0,518.0,160.0,286.0,55.0,22.0,9.0,0.0,0.0
2026-03-09,5758.0,2567.0,1587.0,745.0,306.0,419.0,87.0,34.0,12.0,0.0,1.0
2026-03-10,5357.0,2375.0,1468.0,690.0,288.0,410.0,75.0,39.0,12.0,0.0,0.0
2026-03-11,5790.0,2808.0,1456.0,678.0,288.0,421.0,92.0,31.0,6.0,0.0,10.0
2026-03-12,5895.0,2541.0,1546.0,883.0,361.0,449.0,68.0,40.0,3.0,0.0,4.0
2026-03-13,5175.0,2277.0,1440.0,691.0,285.0,339.0,82.0,45.0,13.0,0.0,3.0
2026-03-14,4544.0,2094.0,1206.0,665.0,243.0,235.0,63.0,33.0,3.0,0.0,2.0
2026-03-15,4598.0,2065.0,1299.0,601.0,250.0,294.0,56.0,25.0,6.0,0.0,2.0
2026-03-16,5756.0,2426.0,1528.0,813.0,304.0,536.0,91.0,46.0,12.0,0.0,0.0
2026-03-17,5497.0,2363.0,1402.0,830.0,296.0,464.0,88.0,41.0,11.0,0.0,2.0
2026-03-18,6199.0,2911.0,1625.0,812.0,294.0,444.0,74.0,29.0,4.0,0.0,6.0
2026-03-19,6318.0,2910.0,1557.0,925.0,353.0,431.0,79.0,51.0,11.0,0.0,1.0
2026-03-20,5658.0,2457.0,1522.0,922.0,324.0,311.0,80.0,35.0,4.0,0.0,3.0
2026-03-21,4509.0,2015.0,1226.0,726.0,244.0,190.0,77.0,27.0,2.0,0.0,2.0
2026-03-22,4363.0,2127.0,994.0,610.0,188.0,364.0,57.0,18.0,4.0,0.0,1.0
2026-03-23,5992.0,2502.0,1447.0,1063.0,333.0,497.0,97.0,44.0,7.0,0.0,2.0
2026-03-24,5898.0,2549.0,1494.0,978.0,344.0,401.0,73.0,48.0,10.0,0.0,1.0
2026-03-25,6239.0,2841.0,1597.0,931.0,324.0,391.0,91.0,55.0,6.0,0.0,3.0
2026-03-26,7049.0,3375.0,2004.0,872.0,284.0,396.0,67.0,45.0,5.0,0.0,1.0
2026-03-27,6770.0,2706.0,2588.0,694.0,278.0,400.0,65.0,33.0,5.0,0.0,1.0
2026-03-28,4973.0,1576.0,2058.0,572.0,353.0,316.0,60.0,28.0,10.0,0.0,0.0
2026-03-29,4617.0,2150.0,1201.0,647.0,189.0,364.0,37.0,21.0,8.0,0.0,0.0
2026-03-30,6903.0,3281.0,1803.0,947.0,302.0,427.0,84.0,48.0,11.0,0.0,0.0
2026-03-31,6789.0,3238.0,1767.0,896.0,342.0,395.0,93.0,49.0,8.0,0.0,1.0
2026-04-01,6494.0,3091.0,1763.0,845.0,320.0,348.0,82.0,34.0,11.0,0.0,0.0
2026-04-02,6022.0,2789.0,1593.0,810.0,315.0,362.0,94.0,51.0,8.0,0.0,0.0
2026-04-03,5168.0,2439.0,1497.0,664.0,186.0,278.0,64.0,34.0,6.0,0.0,0.0
2026-04-04,4189.0,1990.0,1148.0,570.0,184.0,212.0,57.0,22.0,5.0,0.0,1.0
2026-04-05,2836.0,1504.0,544.0,428.0,116.0,202.0,28.0,8.0,3.0,0.0,3.0
2026-04-06,5519.0,2550.0,1499.0,758.0,309.0,259.0,91.0,44.0,9.0,0.0,0.0
2026-04-07,5786.0,2586.0,1493.0,854.0,329.0,364.0,79.0,74.0,6.0,0.0,1.0
2026-04-08,5937.0,2686.0,1585.0,852.0,303.0,355.0,104.0,43.0,7.0,0.0,2.0
2026-04-09,5954.0,2698.0,1577.0,893.0,344.0,276.0,110.0,43.0,10.0,0.0,3.0
2026-04-10,14081.0,6121.0,3505.0,2607.0,1037.0,484.0,200.0,109.0,15.0,0.0,3.0
2026-04-11,9386.0,4368.0,2246.0,1711.0,706.0,203.0,110.0,33.0,6.0,0.0,3.0
2026-04-12,8632.0,3948.0,1813.0,1534.0,611.0,571.0,87.0,35.0,31.0,0.0,2.0
2026-04-13,11162.0,4587.0,2773.0,2098.0,935.0,531.0,130.0,89.0,18.0,0.0,1.0
2026-04-14,16048.0,6871.0,3913.0,3290.0,1236.0,438.0,188.0,102.0,7.0,0.0,3.0
2026-04-15,14293.0,5933.0,3735.0,2775.0,1126.0,451.0,163.0,92.0,13.0,0.0,5.0
2026-04-16,13828.0,5650.0,3498.0,2715.0,1146.0,553.0,167.0,85.0,11.0,0.0,3.0
2026-04-17,13186.0,5012.0,3373.0,2351.0,987.0,1176.0,169.0,84.0,26.0,0.0,8.0
2026-04-18,9702.0,3537.0,2915.0,1707.0,760.0,589.0,128.0,52.0,13.0,0.0,1.0
2026-04-19,9223.0,3174.0,2774.0,1598.0,832.0,687.0,94.0,49.0,12.0,0.0,3.0
2026-04-20,16212.0,6178.0,4507.0,3194.0,1395.0,571.0,220.0,142.0,3.0,0.0,2.0
2026-04-21,13781.0,5685.0,3194.0,2806.0,989.0,826.0,146.0,117.0,12.0,0.0,6.0
2026-04-22,13189.0,5719.0,2685.0,2368.0,956.0,1202.0,129.0,97.0,28.0,0.0,5.0
2026-04-23,12038.0,5192.0,2621.0,2278.0,866.0,788.0,167.0,114.0,10.0,0.0,2.0
2026-04-24,10258.0,4482.0,2476.0,1670.0,684.0,738.0,122.0,75.0,8.0,0.0,3.0
2026-04-25,7349.0,3463.0,1904.0,1075.0,353.0,413.0,93.0,37.0,10.0,0.0,1.0
2026-04-26,6834.0,3429.0,1511.0,856.0,291.0,630.0,73.0,31.0,11.0,0.0,2.0
2026-04-27,9893.0,4525.0,2494.0,1357.0,548.0,764.0,123.0,68.0,13.0,0.0,1.0
2026-04-28,9796.0,4816.0,2459.0,1244.0,494.0,574.0,140.0,52.0,17.0,0.0,0.0
2026-04-29,9221.0,4632.0,2410.0,963.0,471.0,550.0,125.0,49.0,19.0,0.0,2.0
2026-04-30,8660.0,4127.0,2364.0,1124.0,444.0,424.0,110.0,46.0,21.0,0.0,0.0
2026-05-01,7235.0,2878.0,2241.0,1100.0,449.0,382.0,113.0,45.0,26.0,0.0,1.0
2026-05-02,5491.0,2290.0,1789.0,744.0,278.0,256.0,97.0,27.0,9.0,0.0,1.0
2026-05-03,5891.0,2831.0,1262.0,730.0,215.0,727.0,68.0,27.0,28.0,0.0,3.0
2026-05-04,7727.0,3061.0,2226.0,1023.0,490.0,709.0,133.0,52.0,32.0,0.0,1.0
2026-05-05,8588.0,4046.0,2027.0,1186.0,458.0,638.0,117.0,66.0,43.0,0.0,7.0
2026-05-06,8073.0,3920.0,1849.0,1078.0,381.0,605.0,128.0,70.0,39.0,0.0,3.0
2026-05-07,7359.0,3474.0,1803.0,1155.0,430.0,330.0,80.0,66.0,21.0,0.0,0.0
2026-05-08,6182.0,2683.0,1726.0,820.0,340.0,440.0,92.0,50.0,30.0,0.0,1.0
2026-05-09,5177.0,2188.0,1503.0,698.0,248.0,422.0,75.0,24.0,19.0,0.0,0.0
2026-05-10,4808.0,2529.0,1078.0,614.0,173.0,335.0,45.0,23.0,10.0,0.0,1.0
2026-05-11,6694.0,2993.0,1771.0,913.0,397.0,408.0,124.0,55.0,32.0,0.0,1.0
2026-05-12,6979.0,3271.0,1700.0,973.0,364.0,480.0,103.0,41.0,47.0,0.0,0.0
2026-05-13,6455.0,3024.0,1645.0,833.0,296.0,493.0,78.0,55.0,30.0,0.0,1.0
2026-05-14,6589.0,3084.0,1614.0,914.0,391.0,422.0,95.0,47.0,21.0,0.0,1.0
2026-05-15,5865.0,2617.0,1540.0,791.0,339.0,433.0,84.0,37.0,24.0,0.0,0.0
2026-05-16,4288.0,1973.0,1147.0,560.0,258.0,256.0,53.0,21.0,20.0,0.0,0.0
2026-05-17,4088.0,2059.0,992.0,446.0,164.0,367.0,33.0,10.0,15.0,0.0,2.0
2026-05-18,5737.0,2855.0,1572.0,532.0,157.0,492.0,81.0,31.0,14.0,1.0,2.0
2026-05-19,6126.0,2702.0,1528.0,892.0,381.0,442.0,87.0,62.0,32.0,0.0,0.0
2026-05-20,6165.0,2866.0,1649.0,897.0,332.0,273.0,74.0,52.0,21.0,1.0,0.0
2026-05-21,6439.0,2964.0,1456.0,946.0,378.0,542.0,74.0,39.0,39.0,0.0,1.0
2026-05-22,5885.0,2244.0,1734.0,992.0,460.0,285.0,87.0,62.0,19.0,0.0,2.0
2026-05-23,4229.0,1424.0,1454.0,652.0,321.0,242.0,76.0,31.0,28.0,0.0,1.0
2026-05-24,4254.0,1566.0,1206.0,668.0,238.0,471.0,46.0,24.0,28.0,5.0,2.0
2026-05-25,5523.0,2062.0,1221.0,1078.0,406.0,571.0,74.0,63.0,44.0,2.0,2.0
2026-05-26,6949.0,2758.0,1920.0,1272.0,478.0,344.0,100.0,45.0,30.0,1.0,1.0
2026-05-27,6782.0,2946.0,1598.0,1163.0,422.0,490.0,79.0,41.0,42.0,0.0,1.0
2026-05-28,6649.0,2864.0,1603.0,1060.0,448.0,484.0,92.0,58.0,37.0,1.0,2.0
2026-05-29,5177.0,1720.0,1650.0,848.0,349.0,431.0,81.0,56.0,41.0,0.0,1.0
2026-05-30,3641.0,1251.0,1248.0,527.0,229.0,275.0,71.0,23.0,16.0,0.0,1.0
2026-05-31,4107.0,1881.0,1016.0,535.0,200.0,380.0,54.0,14.0,27.0,0.0,0.0
2026-06-01,5554.0,2333.0,1522.0,853.0,321.0,344.0,98.0,50.0,29.0,0.0,4.0
2026-06-02,5862.0,2479.0,1499.0,880.0,362.0,468.0,91.0,44.0,39.0,0.0,0.0
2026-06-03,5713.0,2507.0,1508.0,795.0,355.0,394.0,79.0,36.0,36.0,0.0,3.0
2026-06-04,5601.0,2427.0,1543.0,790.0,305.0,376.0,70.0,55.0,35.0,0.0,0.0
2026-06-05,4806.0,1993.0,1349.0,698.0,279.0,341.0,91.0,45.0,10.0,0.0,0.0
2026-06-06,3551.0,1444.0,1053.0,517.0,202.0,218.0,63.0,28.0,26.0,0.0,0.0
2026-06-07,3435.0,1631.0,868.0,456.0,166.0,225.0,53.0,22.0,14.0,0.0,0.0
2026-06-08,5131.0,2166.0,1338.0,787.0,284.0,399.0,71.0,46.0,39.0,0.0,1.0
2026-06-09,5021.0,2114.0,1374.0,784.0,279.0,321.0,70.0,30.0,48.0,0.0,1.0
2026-06-10,5343.0,2365.0,1334.0,804.0,308.0,369.0,81.0,34.0,23.0,25.0,0.0
2026-06-11,6073.0,2229.0,1640.0,1232.0,497.0,228.0,107.0,48.0,22.0,69.0,1.0
2026-06-12,5409.0,1908.0,1534.0,1088.0,390.0,279.0,77.0,55.0,16.0,61.0,1.0
2026-06-13,4020.0,1309.0,1282.0,720.0,293.0,261.0,59.0,31.0,24.0,40.0,1.0
2026-06-14,3861.0,1109.0,1253.0,636.0,334.0,383.0,56.0,22.0,25.0,40.0,3.0
2026-06-15,5378.0,1660.0,1739.0,925.0,444.0,392.0,96.0,47.0,22.0,51.0,2.0
2026-06-16,6003.0,1891.0,1891.0,1085.0,477.0,438.0,77.0,54.0,37.0,53.0,0.0
2026-06-17,6039.0,1851.0,2067.0,995.0,481.0,389.0,107.0,48.0,47.0,53.0,1.0
2026-06-18,5566.0,1476.0,2032.0,835.0,477.0,498.0,104.0,48.0,35.0,60.0,1.0
2026-06-19,4404.0,1137.0,1787.0,695.0,424.0,188.0,84.0,39.0,11.0,36.0,3.0
2026-06-20,4079.0,1190.0,1363.0,634.0,295.0,421.0,81.0,20.0,44.0,31.0,0.0
2026-06-21,3849.0,1407.0,1056.0,574.0,208.0,477.0,40.0,26.0,45.0,16.0,0.0
2026-06-22,5282.0,1381.0,2075.0,758.0,477.0,357.0,107.0,41.0,30.0,55.0,1.0
2026-06-23,6079.0,1693.0,2131.0,999.0,535.0,461.0,100.0,44.0,59.0,56.0,1.0
